# f,1/f,realY,imagY,realZ,imagZ,realM,imagM,realE,imagE,tandelta
2.000000000000000000e+06,4.999999999999999774e-07,3.090319162010176391e-06,1.898090554825209060e-03,8.577650118827820913e-01,-5.268438572070313057e+02,5.861928593273776217e-04,9.543923082108955002e-07,1.705918680721881174e+03,2.777440293596224574e+00,-1.628119983082027813e-03
1.888121750000000000e+06,5.296268633100592834e-07,3.577602732694671220e-06,1.797277253121756313e-03,1.107542083549499567e+00,-5.563949779687500268e+02,5.844425189345002014e-04,1.163372623345262335e-06,1.711025473433234538e+03,3.405912693120943580e+00,-1.990568080957238160e-03
1.782501875000000000e+06,5.610092275499009038e-07,3.997117691398297903e-06,1.695952507386471950e-03,1.389687498931884813e+00,-5.896358777148437866e+02,5.847126693168862386e-04,1.378084200313433376e-06,1.710232217858039348e+03,4.030772928266873834e+00,-2.356857090036093994e-03
1.682790250000000000e+06,5.942511254744909383e-07,4.335412659985927185e-06,1.603292821994902785e-03,1.686559120407104650e+00,-6.237118225390626094e+02,5.839055063209300754e-04,1.578920138362162096e-06,1.712593351569825018e+03,4.630968713853042651e+00,-2.704067903573331277e-03
1.588656500000000000e+06,6.294626937918927447e-07,4.600360906158103245e-06,1.519573125048763419e-03,1.992254037475586159e+00,-6.580735197460937798e+02,5.816115561226768791e-04,1.760772825770185606e-06,1.719344852050165855e+03,5.205150519703979128e+00,-3.027403440035488207e-03
1.499788375000000000e+06,6.667607354937658813e-07,4.898975572262627571e-06,1.435808953215131833e-03,2.376330837173461941e+00,-6.964633812695312827e+02,5.811080309017209542e-04,1.982738749370799201e-06,1.720830388218122380e+03,5.871467800092938560e+00,-3.411996812871661948e-03
1.415891625000000000e+06,7.062687442621181909e-07,5.003318268582497578e-06,1.360695802621635911e-03,2.702278885269165265e+00,-7.349081827929687734e+02,5.788842096333650248e-04,2.128574172031845211e-06,1.727437824348371123e+03,6.351839410212333448e+00,-3.677029251462866216e-03
1.336687875000000000e+06,7.481178057368104391e-07,5.121154521576781868e-06,1.285426764958116485e-03,3.099319222946167240e+00,-7.779394012695313450e+02,5.785013600936639083e-04,2.304755849765207635e-06,1.728576969543238874e+03,6.886669863108294543e+00,-3.984011116917770580e-03
1.261914750000000000e+06,7.924465578994143479e-07,5.206083461961270636e-06,1.209902522486541558e-03,3.556332192382812618e+00,-8.264975622851562775e+02,5.802300286245715101e-04,2.496668863825182866e-06,1.723422498156864549e+03,7.415705975376405412e+00,-4.302894956580422328e-03
1.191324250000000000e+06,8.394020351722043748e-07,5.270379897895149288e-06,1.143687825888990445e-03,4.029189579162598456e+00,-8.743459027929687863e+02,5.794845598581157154e-04,2.670399829641336924e-06,1.725634872627283812e+03,7.952127440660938795e+00,-4.608232927371132444e-03
1.124682625000000000e+06,8.891397250846655899e-07,5.342791786240087644e-06,1.077311915089275256e-03,4.603356842346191691e+00,-9.282134460937501217e+02,5.807730410430419349e-04,2.880270226192852430e-06,1.721800659732695749e+03,8.539051962123973993e+00,-4.959373150344613922e-03
1.061768875000000000e+06,9.418245566861243833e-07,5.352233385209371782e-06,1.020235999837253334e-03,5.141878410491943718e+00,-9.801383989843750442e+02,5.789565897871407204e-04,3.037249017815489596e-06,1.727197681322461221e+03,9.061006565446565020e+00,-5.246073835919485943e-03
1.002374437500000000e+06,9.976311870981846032e-07,5.360909761024336884e-06,9.631175727179600672e-04,5.779182745819092304e+00,-1.038262665585937611e+03,5.789830208787862583e-04,3.222738132933417091e-06,1.727112855235450752e+03,9.613464052881237620e+00,-5.566204908810473001e-03
9.463025000000000000e+05,1.056744539933055151e-06,5.379201830821413761e-06,9.115981065125495489e-04,6.472855155639648750e+00,-1.096936439492187674e+03,5.774841363768453252e-04,3.407646090394643557e-06,1.731589005162134299e+03,1.021784345563485807e+01,-5.900847964022576039e-03
8.933671875000000000e+05,1.119360565277085465e-06,5.408651429826348698e-06,8.609919577334435199e-04,7.295812528381348194e+00,-1.161405203046875158e+03,5.772213310770210994e-04,3.626037327775530741e-06,1.732369345442134772e+03,1.088254292395347811e+01,-6.281883798385983451e-03
8.433930000000000000e+05,1.185686862470995129e-06,5.431975651302858026e-06,8.131933786052881032e-04,8.213925686035157270e+00,-1.229664933906250099e+03,5.769595789265568025e-04,3.853979221879790018e-06,1.733146339326069210e+03,1.157708481531242484e+01,-6.679808018874016685e-03
7.962143125000000000e+05,1.255943260879274967e-06,5.426413053140198419e-06,7.681955808768928641e-04,9.194911845703126474e+00,-1.301686874414062686e+03,5.765873541929816262e-04,4.072922603247534729e-06,1.734256045226511333e+03,1.225051259805745474e+01,-7.063843099625703725e-03
7.516748125000000000e+05,1.330362522956028934e-06,5.417618371117590470e-06,7.260283918580105397e-04,1.027725231262207117e+01,-1.377279914921875161e+03,5.759447442564433672e-04,4.297695327378543305e-06,1.736180999550600063e+03,1.295536949275415850e+01,-7.461992439790308095e-03
7.096267500000000000e+05,1.409191522162883532e-06,5.406355330778097150e-06,6.857468321233587067e-04,1.149608518035888771e+01,-1.458173485078125168e+03,5.756622921052777968e-04,4.538460486962115779e-06,1.737021621516478035e+03,1.369449432829912183e+01,-7.883893993411186102e-03
6.699308750000000000e+05,1.492691316846682028e-06,5.382638466579248904e-06,6.473404304067817677e-04,1.284398295257568456e+01,-1.544675442031250213e+03,5.756994876184735313e-04,4.786943718775479253e-06,1.736897264959818131e+03,1.444230823802267238e+01,-8.315004306461835915e-03
6.324555625000000000e+05,1.581138753918383044e-06,5.373292574064203650e-06,6.108578919426764248e-04,1.439880691650390787e+01,-1.636915302539062623e+03,5.759500664085196201e-04,5.066232679785200754e-06,1.736127295258401773e+03,1.527150590389287999e+01,-8.796305400877819577e-03
5.970765000000000000e+05,1.674827262503213635e-06,5.341045015895768372e-06,5.772280789328491316e-04,1.602854715698242316e+01,-1.732269145078125121e+03,5.754054296296235143e-04,5.324180188400341984e-06,1.737756265963147143e+03,1.607931904546842006e+01,-9.252919618480843003e-03
5.636765625000000000e+05,1.774067020925674973e-06,5.315691229042427073e-06,5.454827988407328406e-04,1.786308174682617178e+01,-1.833064301015625233e+03,5.748258423240961605e-04,5.601637108929773041e-06,1.739492158755924493e+03,1.695122784978362063e+01,-9.744929153292100632e-03
5.321450000000000000e+05,1.879187063676253656e-06,5.292966294539061824e-06,5.146772555012316683e-04,1.997943700866699501e+01,-1.942759736953125184e+03,5.751454489357703910e-04,5.914824179883124425e-06,1.738506757488039739e+03,1.787888928810565758e+01,-1.028404934930410124e-02
5.023772812500000000e+05,1.990535872784354564e-06,5.265567814401136551e-06,4.858049554457031854e-04,2.230849698730468944e+01,-2.058197475937500258e+03,5.752354467590554271e-04,6.234891637484903767e-06,1.738214393305788917e+03,1.884024784292824251e+01,-1.083885159131451302e-02
4.742747500000000000e+05,2.108482477719929384e-06,5.234312727025203587e-06,4.588401377314117974e-04,2.485881084838867494e+01,-2.179124708125000325e+03,5.749640569001285631e-04,6.559020088116315657e-06,1.739012846473767013e+03,1.983814476162122276e+01,-1.140770455022655297e-02
4.477442187500000000e+05,2.233418005466988388e-06,5.167831561683610141e-06,4.337826842055995816e-04,2.746011120239258219e+01,-2.304974650156250391e+03,5.741491785790531644e-04,6.840075351576813349e-06,1.741460456749522336e+03,2.074673480407672699e+01,-1.191341136898451704e-02
4.226978125000000000e+05,2.365756269438938768e-06,5.142904800732193884e-06,4.096911007329432589e-04,3.063564253173828433e+01,-2.440478794921875306e+03,5.738965925986072927e-04,7.204197347511227795e-06,1.742199651821694260e+03,2.187005511508118616e+01,-1.255312793353690823e-02
3.990524687500000000e+05,2.505936131988909165e-06,5.107421208006238681e-06,3.865769802444901453e-04,3.417070156982422446e+01,-2.586355440000000272e+03,5.741783575070576531e-04,7.585994174963634784e-06,1.741315155407647126e+03,2.300610333529671081e+01,-1.321191242369386745e-02
3.767298125000000000e+05,2.654422259188738750e-06,5.078292369240169308e-06,3.653573840964546393e-04,3.803627916503906903e+01,-2.736517405078125194e+03,5.735308872446151724e-04,7.971804197746707333e-06,1.743248468198604542e+03,2.423031743462850329e+01,-1.389952027875121857e-02
3.556558750000000000e+05,2.811706681353148047e-06,5.045931992464285281e-06,3.451151498015681278e-04,4.235654360717774125e+01,-2.896964309843750470e+03,5.731941367681741119e-04,8.380677099439048634e-06,1.744236738705304333e+03,2.550250247584081009e+01,-1.462100981474026735e-02
3.357608125000000000e+05,2.978310638916505508e-06,5.007254285057915435e-06,3.258282315134339237e-04,4.715412277221680171e+01,-3.068377109843750077e+03,5.731487489877631902e-04,8.808019845346749964e-06,1.744335810001106211e+03,2.680655668981799877e+01,-1.536777295754823691e-02
3.169786250000000000e+05,3.154786856684737224e-06,4.969745135123809929e-06,3.074988622386895347e-04,5.254527458251953931e+01,-3.251195325078125279e+03,5.733260121102767360e-04,9.265999030959944945e-06,1.743752842640906692e+03,2.818224153247811259e+01,-1.616183259652567705e-02
2.992471250000000000e+05,3.341719657289940399e-06,4.932760152133593079e-06,2.901288143090673989e-04,5.858450311279297296e+01,-3.445748810156250329e+03,5.736436743541263421e-04,9.753070080668298561e-06,1.742738674531889046e+03,2.962998318448768842e+01,-1.700196570919991490e-02
2.825075000000000000e+05,3.539729033742467086e-06,4.898192780819627648e-06,2.746914006565605304e-04,6.489446807617187574e+01,-3.639291699687500113e+03,5.719729050529447165e-04,1.019920371609147452e-05,1.747778829300346843e+03,3.116572860921802501e+01,-1.783162038968853780e-02
2.667042812500000000e+05,3.749471119522945231e-06,4.854249668222174420e-06,2.592616701353927036e-04,7.219269579833985517e+01,-3.855755299687500155e+03,5.720948771090005438e-04,1.071153852379222477e-05,1.747349257315427622e+03,3.271624975709728034e+01,-1.872336032429000249e-02
2.517850781250000000e+05,3.971641240405616026e-06,4.813040979019674896e-06,2.447885128583119317e-04,8.029151038085937842e+01,-4.083580320000000484e+03,5.720048325755815915e-04,1.124678060762229404e-05,1.747561378405288679e+03,3.436061778146122947e+01,-1.966203774359931780e-02
2.377004531250000000e+05,4.206975573050876958e-06,4.772136519388070296e-06,2.312830586062410230e-04,8.917443384765626035e+01,-4.321866259687500133e+03,5.715180361340865258e-04,1.179231245107214784e-05,1.748981456804147001e+03,3.608728772459426892e+01,-2.063331637062368676e-02
2.244036875000000000e+05,4.456254757400098661e-06,4.725457874183792790e-06,2.177772171031981565e-04,9.958973531738281793e+01,-4.589687600000000202e+03,5.729829810691457193e-04,1.243292101755273845e-05,1.744431206378949355e+03,3.785169215496548389e+01,-2.169858691850460805e-02
2.118507500000000000e+05,4.720304270813296439e-06,4.680867934115447503e-06,2.062020501488781078e-04,1.100314136206054769e+02,-4.847114549843750865e+03,5.712706297364720858e-04,1.296806879710812352e-05,1.749582256566037358e+03,3.971620785023444000e+01,-2.270039473776257199e-02
2.000000000000000000e+05,5.000000000000000409e-06,4.630317990431801079e-06,1.946251441013613782e-04,1.221707325585937554e+02,-5.135175700312500339e+03,5.713653648488395105e-04,1.359332752294006219e-05,1.749203525704677986e+03,4.161522187379308946e+01,-2.379095471867867517e-02
1.888121718750000000e+05,5.296268720758286387e-06,4.582228335787860833e-06,1.840157188722799737e-04,1.352376669873046922e+02,-5.430950770156250655e+03,5.704721684177368243e-04,1.420549152497360756e-05,1.751847619318833267e+03,4.362326137364834722e+01,-2.490128758493862296e-02
1.782501875000000000e+05,5.610092275499009038e-06,4.525866196667963332e-06,1.734136159828289817e-04,1.503971501269531359e+02,-5.762634709843750898e+03,5.714519164860604921e-04,1.491413979915785064e-05,1.748737371933447321e+03,4.563973430591079961e+01,-2.609867841701717789e-02
1.682790312500000000e+05,5.942511034035917868e-06,4.474235294858064489e-06,1.637652685631292159e-04,1.667059737744140762e+02,-6.101746280000000297e+03,5.712322990588477494e-04,1.560665296394502508e-05,1.749295549104328302e+03,4.779255061596651188e+01,-2.732102682158951690e-02
1.588656406250000000e+05,6.294627309378276984e-06,4.422673396441224201e-06,1.550823860337133405e-04,1.837413306347656317e+02,-6.442945570156251051e+03,5.694335458722700688e-04,1.623923037799407772e-05,1.754704090315927942e+03,5.004103494499887006e+01,-2.851821866784910037e-02
1.499788437500000000e+05,6.667607077081496916e-06,4.368552972980162876e-06,1.463978405993263533e-04,2.036487376953125192e+02,-6.824624909843751084e+03,5.694261342268884399e-04,1.699183691088488002e-05,1.754591666323837899e+03,5.235751161974781809e+01,-2.984028285592256122e-02
1.415891562500000000e+05,7.062687754380907746e-06,4.313333832896747609e-06,1.386806466003448750e-04,2.240585050634765878e+02,-7.203842680000000655e+03,5.674437555187728096e-04,1.764899723894874155e-05,1.760586051310437597e+03,5.475886915012778644e+01,-3.110263716412482379e-02
1.336687812500000000e+05,7.481178407168278094e-06,4.253347501618461789e-06,1.309634593042783397e-04,2.477266597460937874e+02,-7.627672159375000774e+03,5.672187968656142686e-04,1.842176944115415488e-05,1.761130516038514543e+03,5.719687094560231344e+01,-3.247736066391087445e-02
1.261914687500000000e+05,7.924465971476379392e-06,4.187657007713631347e-06,1.232475250875437794e-04,2.753680789843750176e+02,-8.104396840625000550e+03,5.689568115504685560e-04,1.933179572801437573e-05,1.755575876158992287e+03,5.965028194398379213e+01,-3.397761541044416744e-02
1.191324296875000000e+05,8.394020021442785741e-06,4.125050845465504741e-06,1.164957491558090585e-04,3.035742696191406367e+02,-8.573254800624999916e+03,5.682040670975125468e-04,2.011979565230904415e-05,1.757727194393780337e+03,6.224015985024648501e+01,-3.540945378142846406e-02
1.124682656250000000e+05,8.891397003793709197e-06,4.056264401051934511e-06,1.097412731453195053e-04,3.363514789843750350e+02,-9.099909640625000975e+03,5.693714483764738014e-04,2.104514619551205542e-05,1.753926496168889798e+03,6.482875042875380700e+01,-3.696206800590535330e-02
1.061768906250000000e+05,9.418245289663284558e-06,3.995247114194120368e-06,1.039476198120396912e-04,3.692099984765625322e+02,-9.606039240000000063e+03,5.674178145862117080e-04,2.180881477004560626e-05,1.759770118509985650e+03,6.763710896252511873e+01,-3.843519574010843820e-02
1.002374453125000000e+05,9.976311715471225527e-06,3.928277132190193407e-06,9.815539423369320094e-05,4.070790298730469203e+02,-1.017163538031250027e+04,5.672171856673836627e-04,2.270059956294899101e-05,1.760173891031253561e+03,7.044392107838760353e+01,-4.002100101434626078e-02
9.463025000000000000e+04,1.056744539933055193e-05,3.865059390609486712e-06,9.293998208298071971e-05,4.466841706347656782e+02,-1.074105585968750165e+04,5.654647929991815170e-04,2.351576747980412278e-05,1.765403525579171855e+03,7.341715935196397425e+01,-4.158661648071546729e-02
8.933671875000000000e+04,1.119360565277085465e-05,3.798023537289172850e-06,8.782009457809125859e-05,4.915393810156250538e+02,-1.136565756000000147e+04,5.648760629053270694e-04,2.442963188405508583e-05,1.766994899248694992e+03,7.641859474028268551e+01,-4.324777325207614098e-02
8.433929687500000000e+04,1.185686906403913498e-05,3.731260705669490856e-06,8.298941272958794781e-05,5.406711392382812846e+02,-1.202542086031250074e+04,5.642335003293695453e-04,2.536832373379037012e-05,1.768740449549524328e+03,7.952377924924616082e+01,-4.496068333231133252e-02
7.962143750000000000e+04,1.255943162292190401e-05,3.663333347812271231e-06,7.844735232313606861e-05,5.939827369531250270e+02,-1.271966501968750163e+04,5.634226417867795912e-04,2.631070254695226161e-05,1.771004516373889828e+03,8.270234382461379141e+01,-4.669798583797280661e-02
7.516748437500000000e+04,1.330362467647767420e-05,3.597136274949700030e-06,7.419281777690967677e-05,6.519487827929688137e+02,-1.344678476000000046e+04,5.623116439683089251e-04,2.726290324256311175e-05,1.774202725633460886e+03,8.601976814899967394e+01,-4.848361853253674997e-02
7.096267968750000000e+04,1.409191429077542106e-05,3.530092805726524655e-06,7.012879006589750087e-05,7.159692810156250289e+02,-1.422343891937500121e+04,5.615174102803473320e-04,2.826526122093697913e-05,1.776387594988301771e+03,8.941852644766278502e+01,-5.033728376618822747e-02
6.699308593750000000e+04,1.492691351661173024e-05,3.462855728035717938e-06,6.625760374320691700e-05,7.866441184765625394e+02,-1.505149459937500069e+04,5.609681678669092971e-04,2.931817215835835248e-05,1.777776390950249834e+03,9.291285544264651719e+01,-5.226352195676482737e-02
6.324555468750000000e+04,1.581138792980880177e-05,3.395583775420981573e-06,6.257745858012961999e-05,8.645731820312500986e+02,-1.593328159937500095e+04,5.606138786971098190e-04,3.042008151133499124e-05,1.778522272134342302e+03,9.650633804105699198e+01,-5.426209137389273462e-02
5.970765234375000000e+04,1.674827196759942136e-05,3.331481069424120445e-06,5.918625834538862579e-05,9.480292954296876360e+02,-1.684245103875000132e+04,5.594533727002527247e-04,3.149055832351976673e-05,1.781813654170443669e+03,1.002948762780296050e+02,-5.628808379781091720e-02
5.636766015625000000e+04,1.774066897983738318e-05,3.266958917620553875e-06,5.598647273966509064e-05,1.038726436445312629e+03,-1.780084500125000341e+04,5.582120837416345996e-04,3.257315304329339879e-05,1.785354621357069391e+03,1.041801691719226568e+02,-5.835264766208411724e-02
5.321450000000000000e+04,1.879187063676253741e-05,3.202410286708772473e-06,5.288102155295769201e-05,1.141004865078125022e+03,-1.884127811875000043e+04,5.577877261923943220e-04,3.377894563495837331e-05,1.786245891576369331e+03,1.081728765781663668e+02,-6.055878257763457062e-02
5.023773046875000000e+04,1.990535779919521648e-05,3.138167270385369437e-06,4.996781716048378114e-05,1.251946323046875023e+03,-1.993425447875000100e+04,5.571326585480465034e-04,3.499003105744913572e-05,1.787852799045408347e+03,1.122838950561203717e+02,-6.280376948039140261e-02
4.742747265625000000e+04,2.108482581915989513e-05,3.076935162340678341e-06,4.724696028083504831e-05,1.372563873906250137e+03,-2.107599523937500271e+04,5.560920438383988411e-04,3.621522216484953727e-05,1.790668866759031744e+03,1.166164334697855338e+02,-6.512451053044329696e-02
4.477442187500000000e+04,2.233418005466988388e-05,3.015316962508688676e-06,4.471912426465465406e-05,1.500984943554687561e+03,-2.226058920000000217e+04,5.544919551717996742e-04,3.738823211539576714e-05,1.795290347054357426e+03,1.210526709795111771e+02,-6.742790723413051579e-02
4.226978125000000000e+04,2.365756269438938853e-05,2.956612520095828105e-06,4.228640097660288149e-05,1.645413404570312650e+03,-2.353321936000000278e+04,5.534010142469573696e-04,3.869311006774000774e-05,1.798217069553890042e+03,1.257290991644041895e+02,-6.991875524549194532e-02
3.990524609375000000e+04,2.505936181049190454e-05,2.898204886964475959e-06,3.994876160377958541e-05,1.806519482031250163e+03,-2.490100560000000405e+04,5.528094860684971100e-04,4.010525207200559905e-05,1.799470453163537059e+03,1.305480783868235335e+02,-7.254805332163974385e-02
3.767298046875000000e+04,2.654422314235283347e-05,2.842833156462432251e-06,3.780427438135634593e-05,1.977974130859375236e+03,-2.630329416000000128e+04,5.512755481183142419e-04,4.145521722566433817e-05,1.803774814522982751e+03,1.356415625860197451e+02,-7.519872297468063738e-02
3.556558984375000000e+04,2.811706496063446205e-05,2.788087474541998723e-06,3.575513451967770391e-05,2.167688389140625077e+03,-2.779898072000000320e+04,5.500314157391053387e-04,4.288994354035577324e-05,1.807090043789402216e+03,1.409119329053554850e+02,-7.797726150373131271e-02
3.357608203125000000e+04,2.978310569617020602e-05,2.734231908391314113e-06,3.380115374542217929e-05,2.377605330156250147e+03,-2.939246048000000155e+04,5.490280934412782770e-04,4.441180153188409687e-05,1.809559633667427761e+03,1.463783079055539815e+02,-8.089167396428358081e-02
3.169786328125000000e+04,3.154786778929425490e-05,2.681672017953082017e-06,3.194353855603112647e-05,2.609693994921875401e+03,-3.108615080000000307e+04,5.481829766368003258e-04,4.602016606853287734e-05,1.811441980067748773e+03,1.520712322328499795e+02,-8.395037429085221159e-02
2.992471289062500000e+04,3.341719613668494594e-05,2.630610531986751074e-06,3.018226748958220806e-05,2.865934154921875233e+03,-3.288224928000000364e+04,5.474193153208433815e-04,4.771169087256407738e-05,1.812981046981141617e+03,1.580148687677996406e+02,-8.715748519870947231e-02
2.825075000000000000e+04,3.539729033742466832e-05,2.583598376859903784e-06,2.861523645500803565e-05,3.129712040000000343e+03,-3.466384360000000015e+04,5.447977507792359491e-04,4.918843102496268065e-05,1.820701498188384676e+03,1.643866002247432618e+02,-9.028750752844962035e-02
2.667042773437500000e+04,3.749471174439093340e-05,2.535824569602826158e-06,2.704735774498644995e-05,3.436123365078125516e+03,-3.665003448000000208e+04,5.437922024377625984e-04,5.098322877604260768e-05,1.822914321872980508e+03,1.709073015290460376e+02,-9.375498314887602269e-02
2.517850781250000000e+04,3.971641240405616026e-05,2.489905277900399047e-06,2.557616538109533410e-05,3.770642080000000533e+03,-3.873182096000000456e+04,5.425334394689266268e-04,5.281702140421821377e-05,1.825899357196527944e+03,1.777559840834857425e+02,-9.735256402982195301e-02
2.377004492187500000e+04,4.206975642186204338e-05,2.445642891538937186e-06,2.420143911739156510e-05,4.133312179687500247e+03,-4.090217072000000189e+04,5.408850365733194150e-04,5.465838780986878321e-05,1.830132703837614372e+03,1.849415241797325393e+02,-1.010536141952590172e-01
2.244036914062500000e+04,4.456254679828981102e-05,2.400214014717305325e-06,2.282627034177096026e-05,4.556217980312500003e+03,-4.333007920000000740e+04,5.409387423700643240e-04,5.688045971155571243e-05,1.828421638679585158e+03,1.922610735902918009e+02,-1.051513882373079078e-01
2.118507421875000000e+04,4.720304444885743841e-05,2.360442223883385321e-06,2.164636455392276407e-05,4.978399259687500489e+03,-4.565426096000000689e+04,5.380714067881182646e-04,5.867435452651295868e-05,1.836649864149418136e+03,2.002787063401981129e+02,-1.090456652895843981e-01
2.000000000000000000e+04,5.000000000000000240e-05,2.319310910193704523e-06,2.046573063863657232e-05,5.467167389843750243e+03,-4.824259424000000581e+04,5.367712629095575290e-04,6.083044228063426125e-05,1.839368101923216045e+03,2.084492648700768029e+02,-1.133265628843543316e-01
1.888121679687500000e+04,5.296268830330407457e-05,2.281067129407133313e-06,1.938295189300760852e-05,5.988591770156250277e+03,-5.088696632000000682e+04,5.345214613196590551e-04,6.290472896539536373e-05,1.845275992710420496e+03,2.171598234825276279e+02,-1.176841970200641768e-01
1.782501953125000000e+04,5.610092029615150211e-05,2.241487330373804578e-06,1.829941239275260882e-05,6.594689850156250941e+03,-5.383878264000000490e+04,5.338925407990853132e-04,6.539627285825754942e-05,1.845349037427154826e+03,2.260360277551116610e+02,-1.224895795704092905e-01
1.682790234375000000e+04,5.942511309922159888e-05,2.204388122543970407e-06,1.731386168984742067e-05,7.236301060312500340e+03,-5.683586952000000747e+04,5.320851018347093515e-04,6.774468340328809583e-05,1.849419163397637249e+03,2.354666861980047088e+02,-1.273192637224651591e-01
1.588656445312500000e+04,6.294627154603543034e-05,2.170282579340137317e-06,1.642651943096048851e-05,7.905140620312500687e+03,-5.983273664000000281e+04,5.288073265699786947e-04,6.986637269725920170e-05,1.858604375623073111e+03,2.455600357247591887e+02,-1.321206594288998892e-01
1.499788378906250000e+04,6.667607337571648297e-05,2.135054070857449908e-06,1.553864100078852610e-05,8.678805700312501358e+03,-6.316319944000000396e+04,5.270146792315687960e-04,7.241333629098542816e-05,1.862320575188593239e+03,2.558882160348655077e+02,-1.374028829644177996e-01
1.415891601562500000e+04,7.062687559531075879e-05,2.102653053886446299e-06,1.474906734158032426e-05,9.473281880625001577e+03,-6.645036952000000747e+04,5.234268702314168881e-04,7.462065781444783812e-05,1.872431528954683245e+03,2.669371412692991044e+02,-1.425617637502190893e-01
1.336687792968750000e+04,7.481178516480838623e-05,2.068958640061888789e-06,1.395937535152899216e-05,1.038922009968750172e+04,-7.009662744000001112e+04,5.212615758665459318e-04,7.725765759305551158e-05,1.877186385136059016e+03,2.782231219327727558e+02,-1.482128381794155514e-01
1.261914648437500000e+04,7.924466216777796849e-05,2.033768225513250032e-06,1.316948533065959283e-05,1.145323192000000017e+04,-7.416438504000000830e+04,5.206597303485498976e-04,8.040566425340651122e-05,1.875902290710718944e+03,2.896962468330489742e+02,-1.544303497402801373e-01
1.191324316406250000e+04,8.394019883826437506e-05,2.001951296958470712e-06,1.247829391382369197e-05,1.253447343937500045e+04,-7.812819616000000678e+04,5.178052043626205558e-04,8.307392081037663319e-05,1.882767083890917547e+03,3.020611656927345621e+02,-1.604346965045173878e-01
1.124682617187500000e+04,8.891397312609894237e-05,1.968671309086517953e-06,1.178706527390238645e-05,1.378519284062500083e+04,-8.253636200000000827e+04,5.164210217393551969e-04,8.625244921298573844e-05,1.883853378175324224e+03,3.146404987126728656e+02,-1.670196323969912744e-01
1.061768847656250000e+04,9.418245809409470819e-05,1.938525936501159970e-06,1.119466641747853146e-05,1.501820095937500082e+04,-8.672762472000000707e+04,5.122901888872153199e-04,8.871080040602289643e-05,1.895189189606778427e+03,3.281806944147293734e+02,-1.731651363433650836e-01
1.002374511718750000e+04,9.976311132306442788e-05,1.906791509898828494e-06,1.060220275218477826e-05,1.643182947875000173e+04,-9.136478048000001581e+04,5.094920801294204127e-04,9.163144635686938438e-05,1.901242364379353376e+03,3.419358112078616614e+02,-1.798486177323763424e-01
9.463025390625000000e+03,1.056744496311610846e-04,1.876750871616940209e-06,1.006883943144162821e-05,1.789022208000000319e+04,-9.598171832000001450e+04,5.052974812803575104e-04,9.418339570074742639e-05,1.912585251106232590e+03,3.564905430755687235e+02,-1.863919754005087526e-01
8.933671875000000000e+03,1.119360565277085465e-04,1.845839599305636531e-06,9.545124322110128072e-06,1.952927972062500339e+04,-1.009889499200000137e+05,5.019176420422862515e-04,9.706101544698921241e-05,1.920538354108185558e+03,3.713944026676091994e+02,-1.933803622683019086e-01
8.433929687500000000e+03,1.185686906403913464e-04,1.814662613078967162e-06,9.050953503639556284e-06,2.129566767875000369e+04,-1.062159415200000076e+05,4.983658632056544874e-04,9.991940619631574936e-05,1.929015646976823064e+03,3.867562211214050762e+02,-2.004940819052111745e-01
7.962143554687500000e+03,1.255943193100652634e-04,1.783660973530271802e-06,8.586414192255619604e-06,2.319215184000000227e+04,-1.116453320800000074e+05,4.945374449978202479e-04,1.027305602596680865e-04,1.938443839930117292e+03,4.026741022791530895e+02,-2.077306001775475197e-01
7.516748046875000000e+03,1.330362536783095105e-04,1.752842145177230067e-06,8.151088712196255317e-06,2.521614144000000306e+04,-1.172604198400000168e+05,4.903543650243045397e-04,1.054477294303217356e-04,1.949202765836179879e+03,4.191642218715452941e+02,-2.150439293532039886e-01
7.096267578125000000e+03,1.409191506648659021e-04,1.721547810562153695e-06,7.735145367814050111e-06,2.741484024000000136e+04,-1.231785566400000098e+05,4.862881663937599123e-04,1.082291654971243429e-04,1.959340382213633575e+03,4.360743056208561370e+02,-2.225617914985174306e-01
6.699308593750000000e+03,1.492691351661173092e-04,1.689729993302844300e-06,7.338417977625977045e-06,2.979725840000000244e+04,-1.294080933600000135e+05,4.823030733593960929e-04,1.110541769904960956e-04,1.968991555763272345e+03,4.533762043095774743e+02,-2.302580744861690565e-01
6.324555175781250000e+03,1.581138866223067774e-04,1.657583809830858268e-06,6.960960821148688167e-06,3.237306536000000415e+04,-1.359494695200000133e+05,4.783393515554277696e-04,1.139049026585998021e-04,1.978384023617196362e+03,4.711041207433119098e+02,-2.381257203452160909e-01
5.970765136718750000e+03,1.674827224152971184e-04,1.626150641073094267e-06,6.612706204681315477e-06,3.506732296000000497e+04,-1.426005059200000251e+05,4.736741255612047629e-04,1.164826410094854143e-04,1.990767912793738560e+03,4.895557760188284533e+02,-2.459130332936759755e-01
5.636765625000000000e+03,1.774067020925675032e-04,1.594609298146121235e-06,6.283496883860260088e-06,3.794420112000000518e+04,-1.495176716799999995e+05,4.688685580651709493e-04,1.189882283891196348e-04,2.003746696004161322e+03,5.085055617334597287e+02,-2.537773675422712594e-01
5.321450195312500000e+03,1.879186994704693371e-04,1.562169095092139679e-06,5.963468817698701828e-06,4.110610800000000745e+04,-1.569196280000000261e+05,4.645536526659292047e-04,1.216928236554331774e-04,2.014375095519535535e+03,5.276785401819607841e+02,-2.619564456270569441e-01
5.023772949218750000e+03,1.990535818613201188e-04,1.529867450379837143e-06,5.662145513374593331e-06,4.447239168000000063e+04,-1.645954052800000063e+05,4.600195810865397679e-04,1.242936943212228956e-04,2.025920577830581806e+03,5.473879012393143739e+02,-2.701921818798416197e-01
4.742747558593750000e+03,2.108482451670915686e-04,1.497993587698224741e-06,5.380037979779130518e-06,4.802986656000000221e+04,-1.724990736800000304e+05,4.551403968303569143e-04,1.267272458887530519e-04,2.039044598849415024e+03,5.677424110363845102e+02,-2.784355042340653785e-01
4.477442382812500000e+03,2.233417908042071133e-04,1.466775058552976171e-06,5.116984165126018530e-06,5.176556680000000779e+04,-1.805890985600000131e+05,4.498317893188986906e-04,1.289435393632820258e-04,2.054260236087496651e+03,5.888503033888287064e+02,-2.866483481714767190e-01
4.226978027343750000e+03,2.365756324095216593e-04,1.435223129400534330e-06,4.862718610018126932e-06,5.583244536000000517e+04,-1.891674301600000181e+05,4.448411570599377740e-04,1.312941111185001234e-04,2.067857185535540793e+03,6.103245322201847785e+02,-2.951482996453262397e-01
3.990524658203125000e+03,2.505936150386514280e-04,1.403451833450042226e-06,4.617122501440825176e-06,6.026632312000000820e+04,-1.982661534400000237e+05,4.401565683317357094e-04,1.337929722760184672e-04,2.079757941115201447e+03,6.321773127482664449e+02,-3.039667743301329716e-01
3.767298095703125000e+03,2.654422279831192646e-04,1.373159034567286432e-06,4.390823304820392279e-06,6.487908552000000782e+04,-2.074578352000000305e+05,4.347988985636145947e-04,1.359763293428531742e-04,2.095016111064216147e+03,6.551824340810103422e+02,-3.127338403847376158e-01
3.556558837890625000e+03,2.811706611869506964e-04,1.342886549110653107e-06,4.173400822513370098e-06,6.986697824000001128e+04,-2.171314506400000246e+05,4.296168822914489538e-04,1.382389942964059248e-04,2.109266679328848568e+03,6.787044840931833960e+02,-3.217727235463377355e-01
3.357608154296875000e+03,2.978310612929198245e-04,1.313266806942035594e-06,3.964915398223115353e-06,7.527944728000000759e+04,-2.272779896000000299e+05,4.245374407546312020e-04,1.406160972557035551e-04,2.122634929537489370e+03,7.030631719069199335e+02,-3.312218988406609999e-01
3.169786376953125000e+03,3.154786730332358093e-04,1.283885289695800721e-06,3.765343346950322773e-06,8.112418424000000232e+04,-2.379187688000000198e+05,4.195534587949472640e-04,1.430569444414952183e-04,2.135236486403341132e+03,7.280607536455731861e+02,-3.409742940801566702e-01
2.992471191406250000e+03,3.341719722722111155e-04,1.255361956247267910e-06,3.574890808462023833e-06,8.744645968000001449e+04,-2.490210440000000235e+05,4.145669105466142377e-04,1.455796989903257812e-04,2.147356720138232049e+03,7.540677680483298673e+02,-3.511609230904999546e-01
2.825075195312500000e+03,3.539728789022139523e-04,1.229370089729526033e-06,3.404387332169652404e-06,9.383642120000001159e+04,-2.598530144000000146e+05,4.084006066933367970e-04,1.474789562726407577e-04,2.166109197564744136e+03,7.822111877255149466e+02,-3.611134603024254708e-01
2.667042968750000000e+03,3.749470899858369649e-04,1.202666734606088463e-06,3.232503421314203897e-06,1.011027856000000029e+05,-2.717420304000000469e+05,4.031952769603094140e-04,1.500105286673783023e-04,2.178614416332408837e+03,8.105628191387969537e+02,-3.720542804923415159e-01
2.517850830078125000e+03,3.971641163384454767e-04,1.176986083196513482e-06,3.069931629414569153e-06,1.088816303200000111e+05,-2.839958479999999981e+05,3.978053274526974887e-04,1.525152318530767894e-04,2.191644445740317224e+03,8.402581305835799412e+02,-3.833916273311150924e-01
2.377004394531250000e+03,4.206975815024532189e-04,1.152739664411206633e-06,2.916958071086376429e-06,1.171786691200000059e+05,-2.965155752000000211e+05,3.921083608140715532e-04,1.549555561795583781e-04,2.205827742328058775e+03,8.717112380340694244e+02,-3.951855447760641016e-01
2.244036865234375000e+03,4.456254776792878381e-04,1.128131308961227081e-06,2.762694668945918925e-06,1.266828496000000159e+05,-3.102351920000000391e+05,3.873019252359203202e-04,1.581526300357714919e-04,2.212963724710974930e+03,9.036516743974559631e+02,-4.083445491251682102e-01
2.118507568359375000e+03,4.720304118499915754e-04,1.106639887197401957e-06,2.629362922828754551e-06,1.359808951999999990e+05,-3.230889544000000460e+05,3.807857943085461499e-04,1.602642011878050452e-04,2.230960635013909723e+03,9.389612989664989300e+02,-4.208775736469436146e-01
2.000000000000000000e+03,5.000000000000000104e-04,1.084811261094956899e-06,2.494254783222063210e-06,1.466333216800000228e+05,-3.371470016000000178e+05,3.751266379554521772e-04,1.631515769471957175e-04,2.241724357334604520e+03,9.749797187783630079e+02,-4.349239974970016132e-01
1.888121704101562500e+03,5.296268761847830941e-04,1.064915804317635352e-06,2.370086551170962587e-06,1.577336190400000196e+05,-3.510534144000000088e+05,3.687497999245354405e-04,1.656848732315673858e-04,2.256345566512472942e+03,1.013810256251623514e+03,-4.493151542467948567e-01
1.782501831054687500e+03,5.610092413808688604e-04,1.044898535182159966e-06,2.244869827478035132e-06,1.704216824000000197e+05,-3.661355432000000146e+05,3.630784584343487191e-04,1.689987297840145342e-04,2.263771409742228116e+03,1.053696477663603901e+03,-4.654606349072968330e-01
1.682790283203125000e+03,5.942511137493255644e-04,1.026641802164116722e-06,2.129927783539804164e-06,1.836376092800000042e+05,-3.809847264000000432e+05,3.566696604416848986e-04,1.719175578641265036e-04,2.275130306454380843e+03,1.096630550588277629e+03,-4.820077986202441211e-01
1.588656494140625000e+03,6.294626961135135236e-04,1.010164964089258686e-06,2.025793815931180435e-06,1.971332906400000211e+05,-3.953328568000000087e+05,3.493988897631744930e-04,1.742282527248243708e-04,2.292116203009913534e+03,1.142967000734775638e+03,-4.986514205666701671e-01
1.499788452148437500e+03,6.667607011958962340e-04,9.937551981624505669e-07,1.920720683745566711e-06,2.124898996800000314e+05,-4.106984760000000242e+05,3.426744339727293945e-04,1.772951699430363982e-04,2.302001490133808602e+03,1.191024788954277710e+03,-5.173866281403002310e-01
1.415891601562500000e+03,7.062687559531076421e-04,9.790855031384309191e-07,1.826568519385072247e-06,2.279614432000000088e+05,-4.252817496000000392e+05,3.349927122567325911e-04,1.795643058263205979e-04,2.318875089715486865e+03,1.242973893305465026e+03,-5.360245141354168519e-01
1.336687866210937500e+03,7.481178106558751843e-04,9.647021239600417813e-07,1.731941404046086368e-06,2.454543392000000167e+05,-4.406671472000000649e+05,3.276946018051913570e-04,1.825279294283192559e-04,2.329027312119917497e+03,1.297282684918850919e+03,-5.570062137820288584e-01
1.261914672851562500e+03,7.924466063464409744e-04,9.502755853514030353e-07,1.636657444619177417e-06,2.653162480000000214e+05,-4.569535608000000357e+05,3.207972697711541986e-04,1.862612205829350940e-04,2.331305524084015815e+03,1.353601957951182612e+03,-5.806197188517454588e-01
1.191324340820312500e+03,8.394019711806006024e-04,9.377055861362467050e-07,1.552495421136369523e-06,2.850572888000000385e+05,-4.719499832000000170e+05,3.127912514547742467e-04,1.889255837991456882e-04,2.342457420134482163e+03,1.414841794856065690e+03,-6.039989383349553265e-01
1.124682617187500000e+03,8.891397312609894237e-04,9.253034053498047258e-07,1.467619312418671129e-06,3.074002880000000005e+05,-4.875661288000000641e+05,3.050648130098077698e-04,1.923370099737762250e-04,2.345604724610058838e+03,1.478854918929497217e+03,-6.304791695776221783e-01
1.061768920898437500e+03,9.418245159726747022e-04,9.146915821047480795e-07,1.394493316763975491e-06,3.288752352000000537e+05,-5.013868352000000305e+05,2.961635062157613697e-04,1.942628643720025264e-04,2.360792522122806986e+03,1.548517315301738790e+03,-6.559311336302113826e-01
1.002374450683593750e+03,9.976311739769759632e-04,9.042789380118235283e-07,1.320855293982348640e-06,3.529059912000000477e+05,-5.154800440000000526e+05,2.874553876352638313e-04,1.967966164354618703e-04,2.368626835144164488e+03,1.621600313666983311e+03,-6.846162044635815125e-01
9.463024902343750000e+02,1.056744550838416849e-03,8.944012812089564138e-07,1.253845556559101508e-06,3.770532200000000303e+05,-5.285843328000000911e+05,2.782741577265403915e-04,1.985003351457259233e-04,2.381691215464333254e+03,1.698923494534079055e+03,-7.133265150003326172e-01
8.933671875000000000e+02,1.119360565277085573e-03,8.854733976415923998e-07,1.188095667198982819e-06,4.032881688000000431e+05,-5.411172456000000238e+05,2.689366432615826192e-04,2.004352425765350862e-04,2.390522344397259531e+03,1.781627524508994611e+03,-7.452879613046285989e-01
8.433930053710937500e+02,1.185686854920025212e-03,8.770562839611243244e-07,1.125677288286703144e-06,4.306944384000000427e+05,-5.527843040000000037e+05,2.593667530967237863e-04,2.020821091631880317e-04,2.399138397287638327e+03,1.869256339564365589e+03,-7.791365190426969844e-01
7.962143554687500000e+02,1.255943193100652689e-03,8.693752361090649650e-07,1.066702124359316424e-06,4.590962208000000683e+05,-5.632998200000000652e+05,2.495158987488337228e-04,2.033584994667760168e-04,2.408155623181623469e+03,1.962676192051600765e+03,-8.150121915536916450e-01
7.516748046875000000e+02,1.330362536783095051e-03,8.622387608420312959e-07,1.011120604179229351e-06,4.882935344000000623e+05,-5.726066560000000754e+05,2.394500834933820685e-04,2.041924004134500225e-04,2.417933539738230593e+03,2.061906374457308630e+03,-8.527556033159349180e-01
7.096267700195312500e+02,1.409191482407684071e-03,8.554144679422163284e-07,9.577903705718761682e-07,5.187171088000000454e+05,-5.807971112000000430e+05,2.292889077570020443e-04,2.047807694254626348e-04,2.426117712387835581e+03,2.166795841628986636e+03,-8.931124118855637839e-01
6.699309082031250000e+02,1.492691242865894262e-03,8.492990525607361458e-07,9.068403558629745342e-07,5.501823456000000006e+05,-5.874580368000000017e+05,2.189452219815320449e-04,2.050525965120509372e-04,2.433168672624480678e+03,2.278777995509372431e+03,-9.365474827733261121e-01
6.324555053710937500e+02,1.581138896740647828e-03,8.434574129422837535e-07,8.581055432201606757e-07,5.825925504000000656e+05,-5.927103008000000846e+05,2.085456136561291156e-04,2.049856747396979558e-04,2.438833335899419581e+03,2.397201687307308930e+03,-9.829296869206697318e-01
5.970765380859375000e+02,1.674827155670400008e-03,8.380699909801423251e-07,8.130135798026543616e-07,6.147126720000000205e+05,-5.963341432000000495e+05,1.980834945501163747e-04,2.041882652577915931e-04,2.447592908347627599e+03,2.523025712706871218e+03,-1.030819179162505428e+00
5.636765747070312500e+02,1.774066982506317981e-03,8.331095666569293071e-07,7.702420202865219332e-07,6.471536432000000495e+05,-5.983185760000000009e+05,1.876251622406013722e-04,2.029392236352632649e-04,2.456227636260338841e+03,2.656706188133464821e+03,-1.081620509806802355e+00
5.321450195312500000e+02,1.879186994704693317e-03,8.283625914632992978e-07,7.287395148863544235e-07,6.805220016000000760e+05,-5.986789824000000954e+05,1.772362779551335142e-04,2.014655435984141491e-04,2.461578612688282192e+03,2.798091220585299652e+03,-1.136706017091005272e+00
5.023772888183593750e+02,1.990535842796751533e-03,8.240222693521304045e-07,6.895721106364864747e-07,7.137343304000000935e+05,-5.972791112000000430e+05,1.669305912400322772e-04,1.994780857522487840e-04,2.467295025373979115e+03,2.948358865751251869e+03,-1.194976212990319642e+00
4.742747497558593750e+02,2.108482478805304931e-03,8.195716467430438916e-07,6.525454901686582905e-07,7.467532704000000376e+05,-5.945672728000000352e+05,1.568771212673288160e-04,1.970315365755448921e-04,2.473159816633627997e+03,3.106192126242818631e+03,-1.255960939261438591e+00
4.477442321777343750e+02,2.233417938487356966e-03,8.160852734690394679e-07,6.185067335765352570e-07,7.783020160000000615e+05,-5.898710016000000760e+05,1.469317509283801803e-04,1.938682824749460569e-04,2.483052057338995837e+03,3.276249242322286136e+03,-1.319444444444444420e+00
4.226978149414062500e+02,2.365756255774869709e-03,8.127286045522385526e-07,5.854468977439234263e-07,8.100749168000001227e+05,-5.835353208000001032e+05,1.372226363528054600e-04,1.904950938945383285e-04,2.489596121794527335e+03,3.456105053698241136e+03,-1.388219166732571841e+00
3.990524597167968750e+02,2.505936188714859552e-03,8.095372383016305712e-07,5.536991944573357756e-07,8.415731176000001142e+05,-5.756107752000000328e+05,1.277872472107779457e-04,1.868316519740791494e-04,2.494108211154275068e+03,3.646516905739923004e+03,-1.462052403914067655e+00
3.767298278808593750e+02,2.654422150815861567e-03,8.065744233462508752e-07,5.244530903737603820e-07,8.713945496000000276e+05,-5.666006152000000002e+05,1.187505572642545980e-04,1.826305612561116324e-04,2.502349887824580492e+03,3.848449851528700947e+03,-1.537934351328604121e+00
3.556558837890625000e+02,2.811706611869507072e-03,8.039153141715184643e-07,4.964556644218106890e-07,9.004951688000001013e+05,-5.560982848000000231e+05,1.100297587747918585e-04,1.781722204674015923e-04,2.509122500479967130e+03,4.063045600693041251e+03,-1.619309380038569834e+00
3.357608032226562500e+02,2.978310721209648064e-03,8.012839453799381664e-07,4.697171942668646508e-07,9.288200352000000421e+05,-5.444795736000000034e+05,1.017045058882725983e-04,1.734962840103575297e-04,2.514651788662799390e+03,4.289709065518421085e+03,-1.705885914248005175e+00
3.169786376953125000e+02,3.154786730332357660e-03,7.989884779852335896e-07,4.440340764582279387e-07,9.562438856000000378e+05,-5.314280272000000114e+05,9.371369397920963106e-05,1.686270619499775339e-04,2.518011437198499152e+03,4.530873264961915083e+03,-1.799385498424461050e+00
2.992471313476562500e+02,3.341719586405091525e-03,7.967079878094047745e-07,4.198739250119697510e-07,9.823315952000000980e+05,-5.176996200000000536e+05,8.618594531692824029e-05,1.635372595927307780e-04,2.522088382592825837e+03,4.785645977696098271e+03,-1.897493367292794275e+00
2.825075073242187500e+02,3.539728941972340205e-03,7.950434342252578445e-07,3.980246485733578056e-07,1.005725047200000146e+06,-5.034987288000000408e+05,7.913288129479289416e-05,1.580657829364465628e-04,2.532511154764934417e+03,5.058622306218800077e+03,-1.997472862735855337e+00
2.667042846679687500e+02,3.749471071471317460e-03,7.932377783043611868e-07,3.764882684297669105e-07,1.028883356000000145e+06,-4.883308936000000685e+05,7.245574068602605923e-05,1.526598186097317619e-04,2.537422857202018349e+03,5.346194924639765304e+03,-2.106938900414470961e+00
2.517850799560546875e+02,3.971641211522680161e-03,7.915816662875821446e-07,3.560766484214266446e-07,1.050690140800000168e+06,-4.726312392000000691e+05,6.620351104411009528e-05,1.471747327961862503e-04,2.542054717935901408e+03,5.651153812918289987e+03,-2.223065370326456236e+00
2.377004394531250000e+02,4.206975815024532189e-03,7.896588451991507178e-07,3.367838734266138573e-07,1.071472844000000041e+06,-4.569755368000000599e+05,6.042985382670666407e-05,1.416901827953729210e-04,2.546787417127492063e+03,5.971465291121920927e+03,-2.344705039361748344e+00
2.244036865234375000e+02,4.456254776792878056e-03,7.882709288788978321e-07,3.177844823267584542e-07,1.091246848800000036e+06,-4.399265560000000405e+05,5.492104264599610762e-05,1.362327731819255405e-04,2.545505804785475448e+03,6.314179378783075663e+03,-2.480520518520368700e+00
2.118507385253906250e+02,4.720304526482207476e-03,7.868713226074970944e-07,3.013346252595992476e-07,1.108317805600000080e+06,-4.244334760000000242e+05,5.002282563978446963e-05,1.306239763778607905e-04,2.556762853803477810e+03,6.676442730844030848e+03,-2.611287441426981104e+00
2.000000000000000000e+02,5.000000000000000104e-03,7.856712791215668578e-07,2.848345399273670784e-07,1.124942649600000121e+06,-4.078328056000000215e+05,4.537752033582597002e-05,1.251667527916541409e-04,2.559965125697935036e+03,7.061261163504184879e+03,-2.758342718273961047e+00
1.888121795654296875e+02,5.296268505038187295e-03,7.848406891864198716e-07,2.697165264065960444e-07,1.139561084800000070e+06,-3.916189128000000492e+05,4.113601999590772148e-05,1.197005712408767268e-04,2.567727574180767078e+03,7.471759724226238177e+03,-2.909872448836439141e+00
1.782501831054687500e+02,5.610092413808689255e-03,7.834845079199588999e-07,2.545002212393139294e-07,1.154528938400000101e+06,-3.750270328000000445e+05,3.718957076665260894e-05,1.144889085360225028e-04,2.566430879699940760e+03,7.900813701067552756e+03,-3.078521912887555612e+00
1.682790222167968750e+02,5.942511353029387988e-03,7.828782001190256670e-07,2.407586978112682828e-07,1.166971749600000214e+06,-3.588790680000000284e+05,3.359748089905455659e-05,1.092493671626518009e-04,2.571718318495509720e+03,8.362490022998708810e+03,-3.251713052264168180e+00
1.588656463623046875e+02,6.294627082052888477e-03,7.821658400661960147e-07,2.283424736506097285e-07,1.178096000800000038e+06,-3.439287952000000514e+05,3.039674917606576655e-05,1.041212284095593884e-04,2.583616800624155076e+03,8.849938309599870990e+03,-3.425406704067679442e+00
1.499788360595703125e+02,6.667607418974825194e-03,7.813106297602613618e-07,2.158308599744492947e-07,1.189156521600000095e+06,-3.284950504000000074e+05,2.740863557213650138e-05,9.921963116057917731e-05,2.586752961072533708e+03,9.364080675437520767e+03,-3.620013513603917765e+00
1.415891571044921875e+02,7.062687711757506016e-03,7.807257508325171506e-07,2.047335863393435464e-07,1.198445776800000109e+06,-3.142743808000000427e+05,2.475526519698106694e-05,9.440108657080195219e-05,2.599144891552492027e+03,9.911511751747530070e+03,-3.813374076974714644e+00
1.336687774658203125e+02,7.481178618961368057e-03,7.801975971169413984e-07,1.936807449265861991e-07,1.207324080800000113e+06,-2.997130832000000519e+05,2.228765029391543517e-05,8.978058821121660273e-05,2.604520999428426876e+03,1.049170389222175618e+04,-4.028266193485944058e+00
1.261914672851562500e+02,7.924466063464410612e-03,7.792150735410936793e-07,1.826613487847894875e-07,1.216494665600000182e+06,-2.851671688000000431e+05,2.001972564110279771e-05,8.540215043568890989e-05,2.601884791827666504e+03,1.109938070039191189e+04,-4.265900141026332193e+00
1.191324310302734375e+02,8.394019926831546366e-03,7.784858631082536756e-07,1.730060205822879827e-07,1.224089571200000122e+06,-2.720343111999999965e+05,1.802944241723143708e-05,8.112819423450699102e-05,2.610373219172616245e+03,1.174605740148624136e+04,-4.499761687414672195e+00
1.124682617187500000e+02,8.891397312609895104e-03,7.776562596097973609e-07,1.632466507920318755e-07,1.231640524800000014e+06,-2.585476400000000140e+05,1.617704405448582613e-05,7.706240532297893098e-05,2.609069750816443957e+03,1.242879663158159383e+04,-4.763688907777305914e+00
1.061768875122070312e+02,9.418245565778438425e-03,7.773533037666804107e-07,1.546859588069575349e-07,1.237418015200000023e+06,-2.462344872000000323e+05,1.454479073173826587e-05,7.309287290918084848e-05,2.618739481810299367e+03,1.316012004961576895e+04,-5.025364356029166757e+00
1.002374496459960938e+02,9.976311284172265439e-03,7.768207240123059292e-07,1.465284371919988877e-07,1.243070242400000105e+06,-2.344751296000000148e+05,1.307541254653638931e-05,6.931931873299619152e-05,2.627624495854280667e+03,1.393035510661578519e+04,-5.301501462097923500e+00
9.463024902343750000e+01,1.056744550838416979e-02,7.765695237760906441e-07,1.392506754344335302e-07,1.247599496000000043e+06,-2.237134824000000081e+05,1.177743588372417413e-05,6.568009632264610220e-05,2.645079441361264799e+03,1.475100982971545636e+04,-5.576773838642815839e+00
8.933671569824218750e+01,1.119360603514637890e-02,7.761659008551574205e-07,1.319257411964974028e-07,1.252207863200000022e+06,-2.128390983200000192e+05,1.057815679819953384e-05,6.223504621764924468e-05,2.654428019656448669e+03,1.561694098851512899e+04,-5.883354482724440615e+00
8.433930206298828125e+01,1.185686833468406302e-02,7.757860140957399557e-07,1.248536955559602588e-07,1.256471207200000063e+06,-2.022143616000000329e+05,9.487911101508036564e-06,5.895371140403750880e-05,2.660987236298662083e+03,1.653420567501359983e+04,-6.213560685098244107e+00
7.962143707275390625e+01,1.255943169031541531e-02,7.753140643118196126e-07,1.183250375476865383e-07,1.260442270400000038e+06,-1.923631800800000201e+05,8.520803838297091260e-06,5.583179343941847757e-05,2.671271506504640456e+03,1.750326398801099276e+04,-6.552409197414013065e+00
7.516748046875000000e+01,1.330362536783095094e-02,7.750890155904680054e-07,1.124833081824566484e-07,1.263562862400000216e+06,-1.833721392000000051e+05,7.668173881967603142e-06,5.283910512224587595e-05,2.689858780356369152e+03,1.853501668675994006e+04,-6.890702523908823096e+00
7.096267700195312500e+01,1.409191482407684201e-02,7.748575888557196706e-07,1.065372552179506646e-07,1.266615328800000018e+06,-1.741503503200000268e+05,6.875162227971507120e-06,5.000383777542934750e-05,2.698627276437592172e+03,1.962742348076173221e+04,-7.273113872424623594e+00
6.699308776855468750e+01,1.492691310862941621e-02,7.744707630319799284e-07,1.011698300328191956e-07,1.269540334400000051e+06,-1.658412247200000274e+05,6.180891200969927931e-06,4.731568218588454725e-05,2.714516074109845704e+03,2.078004217755869104e+04,-7.655155324277443718e+00
6.324555206298828125e+01,1.581138858593672883e-02,7.737893955905129084e-07,9.595628204962374913e-08,1.272768608800000045e+06,-1.578338296000000264e+05,5.553396591780350357e-06,4.478247072980441899e-05,2.727186365995609322e+03,2.199197222663447974e+04,-8.063978502109410584e+00
5.970765304565429688e+01,1.674827177071203099e-02,7.734813958532082869e-07,9.117637519756342615e-08,1.275137621600000188e+06,-1.503105657600000268e+05,4.992845385864471310e-06,4.235607096651617764e-05,2.744882222608405300e+03,2.328580543364860205e+04,-8.483353217071943675e+00
5.636766052246093750e+01,1.774066886457932590e-02,7.734357790932583907e-07,8.674253381353333478e-08,1.276871528000000166e+06,-1.432039668800000218e+05,4.490696102678497630e-06,4.004108349327828881e-05,2.766135729360848472e+03,2.466412092036581453e+04,-8.916453613816260670e+00
5.321450042724609375e+01,1.879187048588724235e-02,7.731010958791396344e-07,8.248565509822574637e-08,1.278932876800000202e+06,-1.364551372800000245e+05,4.039694169475182909e-06,3.786224387402618890e-05,2.786248393531582678e+03,2.611425809573393417e+04,-9.372552051123479444e+00
5.023772811889648438e+01,1.990535873026190103e-02,7.729837339326424805e-07,7.848701787878989536e-08,1.280486580000000075e+06,-1.300177076000000088e+05,3.633800691292793786e-06,3.578768696576484665e-05,2.808272386928837932e+03,2.765742582933330050e+04,-9.848555274789354996e+00
4.742747497558593750e+01,2.108482478805304844e-02,7.725059587010796699e-07,7.499323329129755555e-08,1.282402887200000230e+06,-1.244929412000000157e+05,3.284757693033728464e-06,3.383631801687134709e-05,2.842257802556130173e+03,2.927812273556204309e+04,-1.030100883502943532e+01
4.477442169189453125e+01,2.233418014600575124e-02,7.723427762017584347e-07,7.140235443905025724e-08,1.283789572800000198e+06,-1.186851239200000127e+05,2.956343408155507086e-06,3.197808382088644099e-05,2.866513159939598609e+03,3.100641077398164998e+04,-1.081676903050917815e+01
4.226977920532226562e+01,2.365756383875523491e-02,7.727121791663338237e-07,6.819445686772381297e-08,1.284141188800000120e+06,-1.133297924800000037e+05,2.665033547245416929e-06,3.019752593437035709e-05,2.899949853574490589e+03,3.285936531725953682e+04,-1.133101156102990537e+01
3.990524673461914062e+01,2.505936140804428114e-02,7.720506012369936158e-07,6.509858566386560234e-08,1.286108040800000075e+06,-1.084434288800000068e+05,2.407475349084638575e-06,2.855196886029652388e-05,2.932330687129212038e+03,3.477660300814225775e+04,-1.185971389952235455e+01
3.767298126220703125e+01,2.654422258328636638e-02,7.717743495488701317e-07,6.230562714714684062e-08,1.287325511200000066e+06,-1.039262620800000150e+05,2.178130539475618191e-06,2.698031232983590631e-05,2.972820415764447262e+03,3.682406626425030117e+04,-1.238691246500376408e+01
3.556558990478515625e+01,2.811706491238193800e-02,7.717729194207695282e-07,5.952729498497460067e-08,1.288055114400000079e+06,-9.934844152000000759e+04,1.965711066347932117e-06,2.548549482713749394e-05,3.008552012502007074e+03,3.900595467178519903e+04,-1.296502586948683522e+01
3.357608032226562500e+01,2.978310721209647891e-02,7.713652436410679462e-07,5.691747661072962685e-08,1.289382464800000191e+06,-9.514091656000001240e+04,1.777157560661918029e-06,2.408465125999853442e-05,3.047102301390906177e+03,4.129537971591262612e+04,-1.355234436896410699e+01
3.169786453247070312e+01,3.154786654399442669e-02,7.710808136515874841e-07,5.459003499460863764e-08,1.290413139200000092e+06,-9.135708888000001025e+04,1.611019750182518212e-06,2.275555272866552556e-05,3.095670725575993856e+03,4.372615445493451261e+04,-1.412493715616302659e+01
2.992471313476562500e+01,3.341719586405091785e-02,7.703923469765576705e-07,5.220090377428845830e-08,1.292107488800000167e+06,-8.755172472000001289e+04,1.457549487697262346e-06,2.151083390273885953e-05,3.135591069777092798e+03,4.627573832532245433e+04,-1.475821856088273698e+01
2.825075149536132812e+01,3.539728846378463467e-02,7.701593282928302019e-07,5.047729022887507440e-08,1.292878846400000155e+06,-8.473703864000001340e+04,1.331778178872668968e-06,2.031966024770663208e-05,3.211718107731237524e+03,4.900292090365117474e+04,-1.525754106055929959e+01
2.667042922973632812e+01,3.749470964213223040e-02,7.697952119204758023e-07,4.858858732377947226e-08,1.293891940000000177e+06,-8.166896928000000480e+04,1.211757418396637468e-06,1.919802797465423118e-05,3.274731217040886349e+03,5.188198608052267082e+04,-1.584312807431087045e+01
2.517850875854492188e+01,3.971641091177118693e-02,7.697022400623905307e-07,4.682699844968134690e-08,1.294412771200000076e+06,-7.874923792000001413e+04,1.103074821958710120e-06,1.813140259951509636e-05,3.343010255138849061e+03,5.494954977088489977e+04,-1.643714663645344487e+01
2.377004432678222656e+01,4.206975747509558716e-02,7.692083583853275860e-07,4.541147315127535028e-08,1.295522559200000018e+06,-7.648329256000000169e+04,1.011405182895436984e-06,1.713182300441539347e-05,3.434052984251568432e+03,5.816816930437322299e+04,-1.693863477678712570e+01
2.244036865234375000e+01,4.456254776792878403e-02,7.690527799497563287e-07,4.374586447582313685e-08,1.296107120800000150e+06,-7.372618360000000393e+04,9.204079222764944772e-07,1.618078142462398345e-05,3.504115466659777212e+03,6.160238855009921099e+04,-1.758001102880903943e+01
2.118507385253906250e+01,4.720304526482207996e-02,7.687670885751047648e-07,4.260274453445742008e-08,1.296801562400000170e+06,-7.186481640000001062e+04,8.469834223001589398e-07,1.528382705734909563e-05,3.614756007609184053e+03,6.522831996496098873e+04,-1.804501322569301180e+01
2.000000000000000000e+01,5.000000000000000278e-02,7.683212312698419916e-07,4.148585703490458245e-08,1.297755320800000103e+06,-7.007289336000000185e+04,7.796661033080868384e-07,1.443947560174604067e-05,3.728562808644195684e+03,6.905326713135449972e+04,-1.852007614603228447e+01
